strain	Type	gisaid_epi_isl	date	Additional location information	Sequence length	Host	Patient age	Gender	Clade	Pango lineage	Pangolin version	Variant	AA Substitutions	Submission date	Is reference?	Is complete?	Is high coverage?	Is low coverage?	N-Content	GC-Content	region	country	division	location
USA/WA-Altius-ALTCOV-VVCW2J2SGUKL4EUW/2021	betacoronavirus	EPI_ISL_2473145	2021-04-27		29811	Human	20	Male	GRY	B.1.1.7	PLEARN-v1.12	VOC Alpha GRY (B.1.1.7+Q.*) first detected in the UK	(Spike_H69del,NS8_Q27stop,NSP3_T183I,Spike_K1191N,Spike_T716I,NSP6_S106del,N_R203K,Spike_A570D,NSP8_Q24R,NSP13_K460R,Spike_N501Y,NSP3_I1412T,NS8_R52I,Spike_P681H,Spike_Y144del,NSP6_G107del,NSP3_A890D,Spike_D1118H,NSP6_F108del,NS8_Y73C,N_G204R,Spike_V70del,NSP12_P323L,NSP5_K90R,Spike_D614G,N_D3L,NSP16_K160R,Spike_S982A,N_S235F)	2021-06-10		True	True			0.379792693972	North America	USA	Washington	?
USA/WA-Altius-ALTCOV-3FCG3IDFNIFXJVCA/2021	betacoronavirus	EPI_ISL_2473030	2021-04-19		29812	Human	1	Female	GRY	Q.3	PLEARN-v1.12	VOC Alpha GRY (B.1.1.7+Q.*) first detected in the UK	(Spike_H69del,NS8_Q27stop,NSP3_T183I,Spike_T716I,NSP6_S106del,N_R203K,Spike_A570D,NSP13_K460R,Spike_N501Y,NSP3_I1412T,NS8_R52I,Spike_P681H,NSP3_M768I,Spike_Y144del,Spike_D178H,M_V70L,NSP6_G107del,NSP3_A890D,NSP16_D102N,Spike_D1118H,NSP6_F108del,NS8_Y73C,N_G204R,Spike_V70del,NSP2_T634I,NSP12_P323L,Spike_D614G,N_D3L,Spike_S982A,N_S235F)	2021-06-10		True	True			0.379679323762	North America	USA	Washington	?
USA/WA-UW-21042613270/2021	betacoronavirus	EPI_ISL_2502926	2021-04-26		29521	Human	unknown	unknown	GRY	B.1.1.7	PLEARN-v1.12	VOC Alpha GRY (B.1.1.7+Q.*) first detected in the UK	(Spike_H69del,NS8_Q27stop,NSP3_T183I,NSP3_V473F,Spike_T716I,NSP6_S106del,N_R203K,Spike_A570D,Spike_N501Y,NSP3_I1412T,NS8_R52I,Spike_P681H,Spike_Y144del,NS3_G188C,Spike_D427N,NSP2_I491V,NSP6_G107del,NSP3_A890D,Spike_D1118H,NSP6_F108del,NS8_Y73C,N_G204R,Spike_V70del,NSP12_P323L,Spike_D614G,N_D3L,Spike_S982A,N_S235F)	2021-06-13		True	True		0.00210019985773	0.37944261516	North America	USA	Washington	?
USA/WA-CDC-UW21060137996/2021	betacoronavirus	EPI_ISL_2501412	2021-06-01		29521	Human	unknown	unknown	GRY	B.1.1.7	PLEARN-v1.12	VOC Alpha GRY (B.1.1.7+Q.*) first detected in the UK	(Spike_S94F,Spike_H69del,NS8_Q27stop,NSP3_T183I,Spike_T716I,NSP6_S106del,N_R203K,Spike_A570D,E_V24M,Spike_N501Y,NSP3_I1412T,NS8_R52I,Spike_P681H,NSP2_S138L,Spike_Y144del,NSP9_P83L,NSP3_R1518K,NSP6_G107del,NSP3_A890D,NSP6_A128V,Spike_D1118H,NSP6_F108del,NS8_Y73C,N_G204R,Spike_V70del,NSP12_P323L,Spike_D614G,N_D3L,NSP4_K35R,Spike_S982A,NSP16_T140I,N_S235F)	2021-06-12		True	True			0.379255445276	North America	USA	Washington	?
USA/WA-CDC-UW21052578371/2021	betacoronavirus	EPI_ISL_2497297	2021-05-25		29531	Human	unknown	unknown	GR	P.1.17	PANGO-v1.12	VOC Gamma GR/501Y.V3 (P.1+P.1.*) first detected in Brazil/Japan	(Spike_R190S,NSP6_S106del,Spike_H655Y,Spike_E484K,N_R203K,Spike_K417T,Spike_T1027I,NSP15_A171V,Spike_D138Y,Spike_N501Y,NS3_S253P,Spike_L18F,N_P80R,NSP16_L126F,Spike_T20N,NSP3_K977Q,NSP6_G107del,NSP6_F108del,NSP3_S370L,N_G204R,NS8_E92K,Spike_P26S,NSP12_P323L,Spike_D614G,Spike_V1176F,NSP3_I580V,NSP13_E341D)	2021-06-11		True	True			0.379228607226	North America	USA	Washington	?
USA/WA-S7556/2021	betacoronavirus	EPI_ISL_2490021	2021-05-01		29590	Human	unknown	unknown	GH	B.1.429	PLEARN-v1.12	VOI Epsilon GH/452R.V1 (B.1.429+B.1.427) first detected in USA/California	(NSP4_D217N,NSP3_D10Y,Spike_G142del,N_T205I,NS3_Q57H,NSP2_T85I,NSP9_I65V,Spike_Q779E,NSP13_D260Y,Spike_V143del,NSP1_E93D,NSP12_P323L,Spike_D614G,Spike_W152C,Spike_L452R,Spike_S13I,Spike_L141del)	2021-06-11		True	True		0.00533964177087	0.379756727372	North America	USA	Washington	Pierce County
USA/WA-S7525/2021	betacoronavirus	EPI_ISL_2489999	2021-04-26		29333	Human	unknown	unknown	GH	B.1.429	PLEARN-v1.12	VOI Epsilon GH/452R.V1 (B.1.429+B.1.427) first detected in USA/California	(NS3_Q57H,NSP2_T85I,NSP9_I65V,NSP13_D260Y,NSP12_P323L,NSP13_T413I,Spike_D614G,Spike_W152C,NSP2_V447F,Spike_L452R,NSP13_G54S)	2021-06-11		True		True	0.0649780111138	0.379698836913	North America	USA	Washington	?
USA/WA-S7814/2021	betacoronavirus	EPI_ISL_2490275	2021-05-04		29829	Human	unknown	unknown	GRY	B.1.1.7	PLEARN-v1.12	VOC Alpha GRY (B.1.1.7+Q.*) first detected in the UK	(Spike_H69del,NS8_Q27stop,NSP3_T183I,Spike_K1191N,Spike_T716I,NSP6_S106del,N_R203K,Spike_A570D,NSP8_Q24R,NSP13_K460R,Spike_N501Y,NSP3_I1412T,NS8_R52I,Spike_P681H,Spike_Y144del,NSP6_G107del,NSP3_A890D,Spike_D1118H,NSP6_F108del,NS8_Y73C,N_G204R,Spike_V70del,NSP12_P323L,Spike_D614G,N_D3L,NSP16_K160R,Spike_S982A,N_S235F)	2021-06-11		True	True			0.379831707399	North America	USA	Washington	Spokane County
USA/WA-UW-21042799481/2021	betacoronavirus	EPI_ISL_2502987	2021-04-27		29521	Human	unknown	unknown	GRY	Q.3	PANGO-v1.12	VOC Alpha GRY (B.1.1.7+Q.*) first detected in the UK	(Spike_H69del,NS8_Q27stop,NSP3_T183I,Spike_T716I,NSP6_S106del,N_R203K,Spike_A570D,NSP13_K460R,Spike_N501Y,NSP3_I1412T,NS8_R52I,Spike_P681H,NSP3_M768I,Spike_Y144del,Spike_D178H,M_V70L,NSP6_G107del,NSP3_A890D,NSP16_D102N,Spike_D1118H,NSP6_F108del,NS8_Y73C,NS8_S67F,N_G204R,Spike_V70del,NSP12_P323L,Spike_D614G,N_A211V,N_D3L,Spike_S982A,N_S235F)	2021-06-13		True	True			0.379289319467	North America	USA	Washington	?
USA/WA-CDC-UW21060156985/2021	betacoronavirus	EPI_ISL_2501493	2021-06-01		29531	Human	unknown	unknown	GR	P.1	PLEARN-v1.12	VOC Gamma GR/501Y.V3 (P.1+P.1.*) first detected in Brazil/Japan	(NSP4_I23T,Spike_R190S,NSP6_S106del,Spike_H655Y,Spike_E484K,N_R203K,Spike_K417T,Spike_T1027I,NSP3_A1183T,NSP13_T481M,Spike_D138Y,Spike_N501Y,NSP3_S1296F,NS3_S253P,Spike_L18F,N_P80R,Spike_T20N,NSP1_T78A,NSP3_K977Q,NSP6_G107del,NSP6_F108del,NSP3_S370L,N_D402Y,N_G204R,NS8_E92K,Spike_P26S,NSP12_P323L,Spike_D614G,N_S413I,Spike_V1176F,NSP13_E341D)	2021-06-12		True	True			0.379194744506	North America	USA	Washington	?
USA/WA-S7955/2021	betacoronavirus	EPI_ISL_2536493	2021-05-05		29804	Human	unknown	unknown	GRY	B.1.1.7	PLEARN-v1.12	VOC Alpha GRY (B.1.1.7+Q.*) first detected in the UK	(Spike_H69del,NS8_Q27stop,NSP3_T183I,NSP13_A509V,Spike_T716I,NSP6_S106del,N_R203K,Spike_A570D,Spike_N501Y,NSP3_I1412T,NS8_R52I,NS3_G172C,Spike_P681H,Spike_Y144del,NSP12_P227L,NSP15_P205S,NS8_Y46del,NS8_W45C,NSP6_G107del,NSP3_A890D,Spike_D1118H,NSP6_F108del,NS8_Y73C,NSP3_M1441I,N_G204R,M_L124I,Spike_V70del,NSP12_P323L,Spike_D614G,N_D3L,Spike_S982A,N_S235F)	2021-06-15		True	True			0.379680579788	North America	USA	Washington	Whitman County
USA/WA-PROV-1343/2021	betacoronavirus	EPI_ISL_2551441	2021-04-26		29786	Human	unknown	unknown	GH	B.1.429	PLEARN-v1.12	VOI Epsilon GH/452R.V1 (B.1.429+B.1.427) first detected in USA/California	(NS8_V100L,N_M234I,Spike_V785I,N_T205I,Spike_T547I,NS3_Q57H,NSP2_T85I,NSP9_I65V,NSP13_D260Y,NSP12_P323L,Spike_D614G,Spike_W152C,Spike_L452R,Spike_S13I)	2021-06-16		True			0.0401530920567	0.380167890871	North America	USA	Washington	?
USA/WA-PROV-1287/2021	betacoronavirus	EPI_ISL_2551388	2021-04-05		29776	Human	unknown	unknown	GH	B.1.429	PLEARN-v1.12	VOI Epsilon GH/452R.V1 (B.1.429+B.1.427) first detected in USA/California	(NS8_V100L,NS3_V55F,N_T205I,NS3_Q57H,NSP2_T85I,NSP9_I65V,NS8_W45S,NSP13_D260Y,NS3_T223I,NSP12_P323L,Spike_D614G,Spike_L452R,NS7a_T14I)	2021-06-16		True		True	0.135243148845	0.380480795371	North America	USA	Washington	?
USA/WA-UW-21052686826/2021	betacoronavirus	EPI_ISL_2545069	2021-05-26		29528	Human	unknown	unknown	GK	AY.44	PLEARN-v1.12	VOC Delta GK (B.1.617.2+AY.*) first detected in India	(N_G215C,N_D63G,N_R203M,NSP12_G671S,NSP7_S26F,NS3_S26L,Spike_P681R,Spike_R158del,NSP3_P1228L,NS7a_V82A,NSP3_A488S,Spike_F157del,NSP4_T492I,NSP14_A394V,Spike_T19R,NS7a_T120I,NSP12_F192V,N_D377Y,M_I82T,Spike_D950N,NS7b_T40I,NSP3_A1736V,NSP13_P77L,Spike_E156G,NSP3_P1469S,Spike_T478K,NSP6_T77A,NSP12_P323L,Spike_D614G,NSP4_V167L,Spike_L452R)	2021-06-15		True	True		0.00132078027635	0.379361795924	North America	USA	Washington	?
USA/WA-S8736/2021	betacoronavirus	EPI_ISL_2715148	2021-05-25		29711	Human	unknown	unknown	GRY	B.1.1.7	PLEARN-v1.12	VOC Alpha GRY (B.1.1.7+Q.*) first detected in the UK	(Spike_H69del,NS8_Q27stop,NSP3_T183I,NSP12_D258G,Spike_T716I,NSP6_S106del,N_R203K,Spike_A570D,NSP3_T1368A,Spike_N501Y,NSP3_I1412T,NS8_R52I,Spike_P681H,Spike_Y144del,NSP12_P227L,NSP3_A1736V,NSP6_G107del,NSP3_A890D,Spike_D1118H,NSP6_F108del,NS8_Y73C,N_G204R,Spike_V70del,NSP12_P323L,NSP14_P451S,Spike_D614G,N_D3L,Spike_S982A,N_S235F)	2021-06-29		True	True		0.000302918111137	0.379738738132	North America	USA	Washington	Skagit County
USA/WA-UW-21042876898/2021	betacoronavirus	EPI_ISL_2618602	2021-04-28		29521	Human	unknown	unknown	GRY	B.1.1.7	PLEARN-v1.12	VOC Alpha GRY (B.1.1.7+Q.*) first detected in the UK	(Spike_H69del,NS8_Q27stop,NSP3_T183I,NSP4_K12E,Spike_T716I,NSP6_S106del,N_R203K,Spike_A570D,Spike_N501Y,NSP3_I1412T,NS8_R52I,Spike_P681H,Spike_Y144del,NSP2_L550F,NSP6_G107del,NSP3_A890D,Spike_R102I,Spike_D1118H,NSP6_F108del,NS8_Y73C,N_G204R,Spike_T573I,Spike_V70del,NSP12_P323L,Spike_D614G,N_D3L,Spike_S982A,N_S235F)	2021-06-20		True	True			0.37935706785	North America	USA	Washington	?
USA/WA-PHL-000770/2021	betacoronavirus	EPI_ISL_2336227	2021-04-25		29868	Human	unknown	unknown	GR	P.1.17	PANGO-v1.12	VOC Gamma GR/501Y.V3 (P.1+P.1.*) first detected in Brazil/Japan	(Spike_R190S,NSP6_S106del,NSP10_A32V,Spike_H655Y,Spike_E484K,N_R203K,Spike_K417T,Spike_T1027I,Spike_D138Y,Spike_N501Y,NS3_S253P,Spike_L18F,N_P80R,Spike_T20N,NSP3_K977Q,NSP6_G107del,NSP6_F108del,NSP3_S370L,N_G204R,NS8_E92K,Spike_P26S,NSP12_P323L,Spike_D614G,Spike_V1176F,NSP8_T141M,NSP13_E341D)	2021-05-29		True	True		0.00020089061506	0.379257225143	North America	USA	Washington	King County
USA/WA-UW-21041932442/2021	betacoronavirus	EPI_ISL_2002450	2021-04-19		29540	Human	unknown	unknown	GH	B.1.429	PLEARN-v1.12	VOI Epsilon GH/452R.V1 (B.1.429+B.1.427) first detected in USA/California	(NS8_V100L,NSP16_C154F,N_M234I,Spike_V785I,N_T205I,Spike_T547I,NS3_Q57H,NSP2_T85I,NSP9_I65V,NS8_V62L,NSP13_D260Y,NSP12_P323L,Spike_D614G,Spike_W152C,NSP6_L37F,Spike_L452R,Spike_S13I)	2021-05-11		True	True			0.379214624238	North America	USA	Washington	?
USA/WA-S8257/2021	betacoronavirus	EPI_ISL_2692293	2021-05-05		29735	Human	unknown	unknown	GRY	Q.3	PANGO-v1.12	VOC Alpha GRY (B.1.1.7+Q.*) first detected in the UK	(Spike_H69del,NS8_Q27stop,NSP3_T183I,Spike_T716I,NSP6_S106del,N_R203K,Spike_A570D,NSP13_K460R,Spike_N501Y,NSP3_I1412T,NS8_R52I,Spike_P681H,NSP3_M768I,Spike_Y144del,Spike_D178H,NSP3_S126L,M_V70L,NSP6_G107del,NSP3_A890D,NSP16_D102N,Spike_D1118H,NSP6_F108del,NS8_Y73C,NS8_S67F,N_G204R,Spike_V70del,NSP12_P323L,Spike_D614G,N_A211V,N_D3L,Spike_S982A,N_S235F)	2021-06-26		True	True		0.00316125777703	0.380115380723	North America	USA	Washington	Grays Harbor County
USA/WA-CDC-UW21051249194/2021	betacoronavirus	EPI_ISL_2333043	2021-05-12		29521	Human	unknown	unknown	GRY	Q.3	PANGO-v1.12	VOC Alpha GRY (B.1.1.7+Q.*) first detected in the UK	(Spike_H69del,NS8_Q27stop,NSP3_T183I,Spike_T716I,NSP6_S106del,N_R203K,Spike_A570D,NSP13_K460R,Spike_N501Y,NSP3_I1412T,NS8_R52I,Spike_P681H,NSP3_M768I,Spike_Y144del,Spike_D178H,M_V70L,NSP6_G107del,NSP3_A890D,NSP16_D102N,Spike_D1118H,NSP6_F108del,NS8_Y73C,N_G204R,Spike_V70del,NSP12_P323L,Spike_D614G,N_D3L,Spike_S982A,N_S235F)	2021-05-29		True	True			0.379390942041	North America	USA	Washington	?
USA/WA-S8787/2021	betacoronavirus	EPI_ISL_2715197	2021-05-28		29662	Human	unknown	unknown	GR	P.1.17	PLEARN-v1.12	VOC Gamma GR/501Y.V3 (P.1+P.1.*) first detected in Brazil/Japan	(Spike_R190S,NSP6_S106del,NSP10_A32V,Spike_H655Y,Spike_E484K,N_R203K,Spike_K417T,Spike_T1027I,Spike_D138Y,Spike_N501Y,NS3_S253P,Spike_L18F,N_P80R,Spike_T20N,NSP3_K977Q,NSP6_G107del,NSP6_F108del,NSP3_S370L,NSP3_K462N,N_G204R,NS8_E92K,Spike_P26S,NSP12_P323L,Spike_D614G,NSP6_L37F,Spike_V1176F,NSP13_E341D)	2021-06-29		True			0.0153057784371	0.379827444536	North America	USA	Washington	King County
USA/WA-CDC-UW21050128211/2021	betacoronavirus	EPI_ISL_2104946	2021-05-01		29521	Human	unknown	unknown	G	B.1.1.7	PLEARN-v1.12	VOC Alpha GRY (B.1.1.7+Q.*) first detected in the UK	(Spike_H69del,NS8_Q27stop,NSP3_T183I,NSP8_T145I,Spike_G35R,Spike_T716I,NS8_K68stop,NSP6_S106del,Spike_A570D,NSP1_L21K,Spike_N501Y,NSP3_T1384S,NS8_R52I,Spike_P681H,NSP3_V1828L,Spike_Y144del,NSP12_P227L,Spike_R34P,NSP6_G107del,NSP3_A890D,Spike_D1118H,NSP6_F108del,NS8_Y73C,Spike_V70del,NSP12_P323L,NSP5_K90R,Spike_D614G,N_D3L,NSP4_K35R,NSP10_P37S,Spike_S982A)	2021-05-16		True		True	0.0559601639511	0.382073271377	North America	USA	Washington	?
USA/WA-Altius-ALTCOV-XWIPSUFHT6X5MLC6/2021	betacoronavirus	EPI_ISL_2800473	2021-05-25		29802	Human	31	Male	GRY	Q.3	PANGO-v1.12	VOC Alpha GRY (B.1.1.7+Q.*) first detected in the UK	(Spike_H69del,NS8_Q27stop,NSP3_T183I,NSP8_T123I,Spike_T716I,NSP6_S106del,N_R203K,Spike_A570D,NSP13_K460R,Spike_N501Y,NSP3_I1412T,NS8_R52I,Spike_P681H,NSP3_M768I,Spike_Y144del,Spike_D178H,M_V70L,NSP6_G107del,NSP3_A890D,NSP16_D102N,Spike_D1118H,NSP6_F108del,NS8_Y73C,N_G204R,Spike_V70del,NSP12_P323L,NSP5_K90R,Spike_D614G,N_D3L,Spike_S982A,N_S235F)	2021-07-03		True	True			0.379672505201	North America	USA	Washington	?
USA/WA-Altius-ALTCOV-NZNMP6I42JFIKXBX/2021	betacoronavirus	EPI_ISL_2800489	2021-05-21		29817	Human	30	Male	GRY	B.1.1.7	PLEARN-v1.12	VOC Alpha GRY (B.1.1.7+Q.*) first detected in the UK	(Spike_H69del,NS8_Q27stop,NSP3_T183I,NS7b_C41R,Spike_T716I,NS8_K68stop,NSP6_S106del,N_R203K,Spike_A570D,Spike_N501Y,NSP3_I1412T,NS8_R52I,Spike_P681H,Spike_Y144del,NSP12_P227L,N_K374N,NSP3_A1736V,NSP6_G107del,NSP3_A890D,Spike_D1118H,NSP6_F108del,NS8_Y73C,N_G204R,Spike_V70del,NSP12_P323L,NSP14_P451S,Spike_D614G,Spike_N540S,N_D3L,Spike_S982A,N_S235F)	2021-07-03		True			0.00664050709327	0.379249805868	North America	USA	Washington	?
USA/WA-Altius-ALTCOV-N6EUSPHT5VCR2DC5/2021	betacoronavirus	EPI_ISL_2800703	2021-05-21		29829	Human	34	Female	GH	B.1.429	PLEARN-v1.12	VOI Epsilon GH/452R.V1 (B.1.429+B.1.427) first detected in USA/California	(NS3_S180F,NS8_V100L,N_M234I,NSP13_S259L,NSP16_E147D,N_T205I,NS3_Q57H,NSP2_T85I,NSP9_I65V,NSP8_A1S,NSP13_D260Y,NSP12_P323L,Spike_D614G,Spike_W152C,Spike_L452R,Spike_S13I)	2021-07-03		True	True			0.379630560864	North America	USA	Washington	?
USA/WA-PHL-000736/2021	betacoronavirus	EPI_ISL_2336196	2021-05-11		29877	Human	unknown	unknown	GR	P.1	PANGO-v1.12	VOC Gamma GR/501Y.V3 (P.1+P.1.*) first detected in Brazil/Japan	(NSP8_T145I,Spike_R190S,NSP6_S106del,Spike_H655Y,Spike_E484K,N_R203K,Spike_K417T,Spike_T1027I,Spike_D138Y,Spike_N501Y,NS3_S253P,NSP2_P96S,Spike_L18F,N_P80R,Spike_T20N,NSP3_K977Q,NSP6_G107del,NSP6_F108del,NSP3_S370L,N_G204R,NS8_E92K,Spike_P26S,NSP12_P323L,Spike_D614G,Spike_V1176F,NSP6_K4R,NSP13_E341D)	2021-05-29		True	True		0.00575712946847	0.37920818745	North America	USA	Washington	Adams County
USA/WA-UW-21050719748/2021	betacoronavirus	EPI_ISL_2340737	2021-05-07		29521	Human	unknown	unknown	GRY	Q.3	PANGO-v1.12	VOC Alpha GRY (B.1.1.7+Q.*) first detected in the UK	(Spike_H69del,NS8_Q27stop,NSP3_T183I,Spike_T240I,Spike_T716I,NSP6_S106del,N_R203K,Spike_A570D,NSP13_K460R,Spike_N501Y,NSP3_I1412T,NS8_R52I,Spike_P681H,NSP3_M768I,Spike_Y144del,Spike_D178H,M_V70L,NSP6_G107del,NSP3_A890D,NSP16_D102N,Spike_D1118H,NSP6_F108del,NS8_Y73C,NS3_Y113H,N_G204R,Spike_V70del,NSP12_P323L,Spike_D614G,N_D3L,Spike_S982A,N_S235F)	2021-05-30		True	True			0.379390942041	North America	USA	Washington	?
USA/WA-MG_LHPOC307/2021	betacoronavirus	EPI_ISL_12228501	2021-05-14	Other: Community infection	29530	Human	39	Male	GRY	B.1.1.7	PLEARN-v1.12	VOC Alpha GRY (B.1.1.7+Q.*) first detected in the UK	(Spike_H69del,NS8_Q27stop,NSP3_T183I,Spike_K1191N,Spike_T716I,N_R203K,Spike_A570D,NSP8_Q24R,NSP13_K460R,Spike_L5F,Spike_N501Y,NSP3_I1412T,NS8_R52I,Spike_P681H,Spike_Y144del,NSP6_F108L,NSP3_A890D,Spike_D1118H,NS8_Y73C,N_G204R,Spike_V70del,NSP12_P323L,Spike_D614G,N_D3L,NSP16_K160R,Spike_S982A,NSP6_S106T,N_S235F)	2022-04-22		True	True		0.000135455469015	0.379428300481	North America	USA	Washington	?
USA/WA-Altius-ALTCOV-UZQTA4PYK5GSKDS5/2021	betacoronavirus	EPI_ISL_2383208	2021-04-26		29805	Human	7	Male	GRY	B.1.1.7	PLEARN-v1.12	VOC Alpha GRY (B.1.1.7+Q.*) first detected in the UK	(Spike_H69del,NS8_Q27stop,NS8_L118V,NSP3_T183I,Spike_T716I,NSP6_S106del,N_R203K,Spike_A570D,NSP13_K460R,NSP13_P78S,NSP2_A31T,NSP14_E284D,Spike_N501Y,NSP3_I1412T,NS8_R52I,Spike_P681H,Spike_Y144del,NSP6_G107del,NSP3_A890D,Spike_D1118H,NSP6_F108del,NS8_Y73C,N_G204R,Spike_V70del,NSP12_P323L,Spike_D614G,N_D3L,Spike_S982A,NS3_S171L,N_S235F)	2021-06-02		True				0.379667840966	North America	USA	Washington	?
USA/WA-Altius-ALTCOV-ACDT73AXHKORAWGJ/2021	betacoronavirus	EPI_ISL_2378347	2021-04-14		29825	Human	54	Male	GR	P.1.17	PANGO-v1.12	VOC Gamma GR/501Y.V3 (P.1+P.1.*) first detected in Brazil/Japan	(Spike_R190S,NSP6_S106del,NSP10_A32V,Spike_H655Y,Spike_E484K,N_R203K,Spike_K417T,Spike_T1027I,Spike_D138Y,Spike_N501Y,NS3_S253P,Spike_L18F,N_P80R,Spike_T20N,NSP3_K977Q,NSP6_G107del,NSP6_F108del,NSP3_S370L,N_G204R,NS8_E92K,Spike_P26S,NSP12_P323L,Spike_D614G,Spike_V1176F,NSP13_E341D)	2021-06-02		True	True			0.379647946354	North America	USA	Washington	?
USA/WA-Altius-ALTCOV-WEZK47USQYH5OHB3/2021	betacoronavirus	EPI_ISL_2378319	2021-04-13		29637	Human	59	Female	GRY	Q.3	PANGO-v1.12	VOC Alpha GRY (B.1.1.7+Q.*) first detected in the UK	(Spike_H69del,NS8_Q27stop,NSP3_T183I,Spike_T716I,NSP6_S106del,N_R203K,Spike_A570D,NSP13_K460R,Spike_N501Y,NSP3_I1412T,NS8_R52I,Spike_P681H,NSP3_M768I,Spike_Y144del,Spike_D178H,M_V70L,NSP6_G107del,NSP3_A890D,NSP16_D102N,Spike_D1118H,NSP6_F108del,NS8_Y73C,N_G204R,Spike_V70del,NSP12_P323L,Spike_D614G,N_D3L,Spike_S982A,N_S235F)	2021-06-02		True	True		0.00340790228431	0.379435265439	North America	USA	Washington	?
USA/WA-CDC-UW21051969162/2021	betacoronavirus	EPI_ISL_2432792	2021-05-19		29528	Human	unknown	unknown	GR	P.1.17	PLEARN-v1.12	VOC Gamma GR/501Y.V3 (P.1+P.1.*) first detected in Brazil/Japan	(Spike_R190S,NSP6_S106del,Spike_H655Y,Spike_E484K,N_R203K,Spike_K417T,Spike_T1027I,NS8_I58del,Spike_D138Y,Spike_N501Y,N_N29D,NS3_S253P,Spike_L18F,N_P80R,Spike_T20N,NSP3_K977Q,NSP6_G107del,NSP6_F108del,NSP3_S370L,N_G204R,NS8_E92K,Spike_P26S,NSP12_P323L,Spike_D614G,Spike_V1176F,NSP13_E341D)	2021-06-06		True	True			0.379301002438	North America	USA	Washington	?
USA/WA-Altius-ALTCOV-O5347BKYVXOYYWGI/2021	betacoronavirus	EPI_ISL_2473121	2021-04-29		29811	Human	57	Female	GRY	Q.3	PANGO-v1.12	VOC Alpha GRY (B.1.1.7+Q.*) first detected in the UK	(Spike_H69del,NS8_Q27stop,NSP3_T183I,Spike_T716I,NSP6_S106del,N_R203K,Spike_A570D,NSP13_K460R,Spike_N501Y,NSP3_I1412T,NS8_R52I,Spike_P681H,NSP3_M768I,Spike_Y144del,Spike_D178H,NSP3_I1541T,M_V70L,NSP6_G107del,NSP3_A890D,NSP16_D102N,Spike_D1118H,NSP6_F108del,NS8_Y73C,N_G204R,Spike_V70del,NSP12_P323L,Spike_D614G,N_D3L,Spike_S982A,N_S235F)	2021-06-10		True	True			0.379759149307	North America	USA	Washington	?
USA/WA-Altius-ALTCOV-P2IZ5LIRSZ6OHLTD/2021	betacoronavirus	EPI_ISL_2473350	2021-05-14		29637	Human	20	Female	GRY	Q.3	PANGO-v1.12	VOC Alpha GRY (B.1.1.7+Q.*) first detected in the UK	(Spike_G75V,Spike_H69del,NS8_Q27stop,NSP3_T183I,Spike_T716I,NSP6_S106del,N_R203K,Spike_A570D,NSP13_K460R,Spike_N501Y,NSP3_I1412T,NS8_R52I,Spike_P681H,NSP3_M768I,Spike_Y144del,NSP3_T970M,Spike_D178H,M_V70L,NSP6_G107del,NSP3_A890D,NSP16_D102N,Spike_D1118H,NSP6_F108del,NS8_Y73C,N_G204R,NSP3_M1556I,Spike_V70del,NSP12_P323L,Spike_D614G,N_D3L,Spike_S982A,N_S235F)	2021-06-10		True	True			0.379323143368	North America	USA	Washington	?
USA/WA-UW-21051456470/2021	betacoronavirus	EPI_ISL_2426425	2021-05-14		29521	Human	unknown	unknown	GRY	B.1.1.7	PLEARN-v1.12	VOC Alpha GRY (B.1.1.7+Q.*) first detected in the UK	(Spike_H69del,NSP2_E558Q,NS8_Q27stop,M_D163N,NSP3_T183I,Spike_T716I,NS8_K68stop,NSP6_S106del,N_R203K,Spike_A570D,N_V270L,Spike_N501Y,NSP3_I1412T,NS8_R52I,Spike_P681H,M_K166E,Spike_Y144del,NS8_C61F,NSP12_P227L,NSP6_G107del,NSP3_A890D,Spike_D1118H,NSP6_F108del,NS8_Y73C,N_G204R,Spike_V70del,E_V75L,M_P165A,NSP12_P323L,Spike_D614G,N_D3L,Spike_S982A,NSP3_D622G,N_S235F)	2021-06-05		True	True		0.00121947088513	0.379277598779	North America	USA	Washington	?
USA/WA-Curative-081772/2021	betacoronavirus	EPI_ISL_2507313	2021-04-29		29332	Human	unknown	unknown	GH	B.1.429	PLEARN-v1.12	VOI Epsilon GH/452R.V1 (B.1.429+B.1.427) first detected in USA/California	(NSP2_A361T,NSP13_S259L,N_T205I,NSP14_L117I,NS3_Q57H,NSP2_T85I,NSP9_I65V,NSP13_D260Y,NSP12_P323L,Spike_D614G,Spike_W152C,Spike_L452R,Spike_S13I,NSP16_T140I)	2021-06-14		True		True	0.222555570708	0.38449394843	North America	USA	Washington	?
USA/WA-UW-21042836025/2021	betacoronavirus	EPI_ISL_2618663	2021-04-28		29540	Human	unknown	unknown	GR	B.1.1.519	PLEARN-v1.12		(NSP6_A51V,Spike_T604A,Spike_A292S,Spike_T732A,N_R203K,NSP2_P129L,NSP6_I49V,NSP2_R46K,N_G204R,Spike_T478K,NSP9_T35I,NS3_V48F,NSP12_P323L,NSP3_P141S,Spike_P681H,Spike_D614G,NSP6_L37F,NSP12_K143R,NSP4_T492I)	2021-06-20		True	True			0.379316181449	North America	USA	Washington	?
USA/WA-Altius-ALTCOV-QO34BJWWIGMGKNFF/2021	betacoronavirus	EPI_ISL_2377971	2021-04-27		29801	Human	34	Male	GRY	Q.3	PANGO-v1.12	VOC Alpha GRY (B.1.1.7+Q.*) first detected in the UK	(Spike_H69del,NS8_Q27stop,NSP3_T183I,Spike_T716I,NSP6_S106del,N_R203K,Spike_A570D,NSP13_K460R,NS3_A110S,Spike_N501Y,NSP3_I1412T,NS8_R52I,Spike_P681H,NSP3_M768I,Spike_Y144del,Spike_D178H,M_V70L,NSP6_G107del,NSP3_A890D,NSP16_D102N,Spike_D1118H,NSP6_F108del,NS8_Y73C,N_G204R,Spike_V70del,NSP12_P323L,NSP5_K90R,Spike_D614G,N_D3L,Spike_S982A,N_S235F)	2021-06-02		True	True			0.379718801383	North America	USA	Washington	?
USA/WA-UW-21042908303/2021	betacoronavirus	EPI_ISL_2618210	2021-04-29		29540	Human	unknown	unknown	GR	B.1.1.519	PLEARN-v1.12		(Spike_T604A,Spike_A292S,Spike_R34P,Spike_T732A,N_R203K,NSP2_P129L,N_G204R,Spike_T478K,NSP12_V257A,NSP9_T35I,NSP12_P323L,NSP3_P141S,Spike_P681H,Spike_D614G,NSP5_S10A,NSP4_K35R,Spike_S982A,NSP5_F8L)	2021-06-20		True			0.0115775220041	0.379649291047	North America	USA	Washington	?
USA/WA-S8844/2021	betacoronavirus	EPI_ISL_2735887	2021-04-24		29573	Human	unknown	unknown	GH	B.1.429	PLEARN-v1.12	VOI Epsilon GH/452R.V1 (B.1.429+B.1.427) first detected in USA/California	(NS8_V100L,N_M234I,N_T205I,NS3_Q57H,NSP2_T85I,NSP9_I65V,NSP13_D260Y,NSP12_P323L,Spike_D614G,Spike_W152C,Spike_L452R,Spike_S13I)	2021-06-30		True	True		0.00980624218037	0.37984496124	North America	USA	Washington	King County
USA/WA-UW-21042738584/2021	betacoronavirus	EPI_ISL_2618543	2021-04-27		29521	Human	unknown	unknown	GRY	B.1.1.7	PLEARN-v1.12	VOC Alpha GRY (B.1.1.7+Q.*) first detected in the UK	(Spike_H69del,NS8_Q27stop,NSP3_T183I,Spike_K1191N,Spike_T716I,NSP6_S106del,NSP13_S100G,N_R203K,Spike_A570D,NSP8_Q24R,NSP13_K460R,Spike_N501Y,NSP3_I1412T,NS8_R52I,Spike_P681H,Spike_Y144del,NSP13_S80G,NSP6_G107del,NSP3_A890D,Spike_D1118H,NSP6_F108del,NS8_Y73C,N_G204R,Spike_V70del,NSP16_T140R,NSP12_P323L,Spike_D614G,N_D3L,NSP16_K160R,Spike_S982A,N_S235F)	2021-06-20		True	True			0.379526438806	North America	USA	Washington	?
USA/WA-UW-2021040308176/2021	betacoronavirus	EPI_ISL_1628266	2021-04-03		29540	Human	unknown	unknown	GH	B.1.429	PLEARN-v1.12	VOI Epsilon GH/452R.V1 (B.1.429+B.1.427) first detected in USA/California	(NSP2_A361T,NSP10_M122L,NSP13_S259L,N_T205I,NSP14_L117I,NS3_Q57H,NSP2_T85I,NSP9_I65V,NSP13_D260Y,NSP15_H337Y,NSP12_P323L,Spike_D614G,Spike_W152C,NSP3_E1767A,Spike_L452R,Spike_S13I)	2021-04-17		True	True			0.379248476642	North America	USA	Washington	?
USA/WA-UW-21041986347/2021	betacoronavirus	EPI_ISL_2002785	2021-04-19		29531	Human	unknown	unknown	GR	B.1.1	PLEARN-v1.12		(NS8_Q27stop,NSP3_T183I,NSP6_G107del,NSP6_S106del,N_R203K,Spike_A570D,Spike_D1118H,NSP6_F108del,NS8_Y73C,N_G204R,NS8_R52I,NSP12_P323L,Spike_P681H,Spike_D614G,N_D3L)	2021-05-11		True			0.0384341878026	0.3798422313	North America	USA	Washington	?
USA/WA-UW-2021041280751/2021	betacoronavirus	EPI_ISL_1785624	2021-04-12		29521	Human	unknown	unknown	GRY	B.1.1.7	PLEARN-v1.12	VOC Alpha GRY (B.1.1.7+Q.*) first detected in the UK	(Spike_H69del,NS8_Q27stop,NSP3_T183I,Spike_T716I,NSP6_S106del,N_R203K,Spike_A570D,Spike_N501Y,NSP3_I1412T,NS8_R52I,Spike_P681H,Spike_Y144del,NSP3_N1012D,NSP6_G107del,NSP3_A890D,Spike_D1118H,NSP6_F108del,NS8_Y73C,N_G204R,Spike_V70del,NSP12_P323L,Spike_D614G,NSP6_L37F,N_D3L,Spike_S982A,N_S235F)	2021-04-29		True	True		0.0046068900105	0.37941126425	North America	USA	Washington	?
USA/WA-CDC-2-4502909/2021	betacoronavirus	EPI_ISL_2690112	2021-05-27		29834	Human	47	Male	GRY	B.1.1.7	PLEARN-v1.12	VOC Alpha GRY (B.1.1.7+Q.*) first detected in the UK	(Spike_H69del,NS8_Q27stop,NSP3_T183I,Spike_T716I,NS8_K68stop,NSP6_S106del,N_R203K,Spike_A570D,Spike_N501Y,NSP3_I1412T,NS8_R52I,Spike_P681H,Spike_Y144del,NS8_C61F,NSP12_P227L,NSP3_L1685F,NSP6_G107del,NSP3_A890D,Spike_D1118H,NSP6_F108del,NS8_Y73C,NSP3_M1441I,NSP4_A446V,N_G204R,Spike_V70del,NSP12_P323L,Spike_D614G,N_D3L,Spike_S982A,N_S235F)	2021-06-25		True	True			0.379734531072	North America	USA	Washington	?
USA/WA-S8509/2021	betacoronavirus	EPI_ISL_2714925	2021-05-11		29660	Human	unknown	unknown	GRY	B.1.1.7	PLEARN-v1.12	VOC Alpha GRY (B.1.1.7+Q.*) first detected in the UK	(Spike_H69del,NS8_Q27stop,NSP3_T183I,NSP13_A509V,Spike_T716I,NSP6_S106del,N_R203K,Spike_A570D,Spike_N501Y,NSP3_I1412T,NS8_R52I,Spike_P681H,Spike_Y144del,NSP12_P227L,NSP6_G107del,NSP3_A890D,Spike_D1118H,NSP6_F108del,NS8_Y73C,NSP3_M1441I,N_G204R,Spike_V70del,NSP12_P323L,Spike_D614G,N_D3L,Spike_S982A,N_S235F)	2021-06-29		True	True		0.000606877950101	0.379259159301	North America	USA	Washington	Stevens County
USA/WA-S9079/2021	betacoronavirus	EPI_ISL_2736415	2021-05-10		29631	Human	unknown	unknown	GRY	B.1.1.7	PLEARN-v1.12	VOC Alpha GRY (B.1.1.7+Q.*) first detected in the UK	(Spike_H69del,NS8_Q27stop,NSP2_T580I,NSP3_T183I,Spike_T716I,NSP6_S106del,N_R203K,Spike_A570D,Spike_N501Y,NSP3_K233R,NSP3_I1412T,NS8_R52I,Spike_P681H,Spike_Y144del,NSP9_L42F,NSP12_P227L,NS8_F16S,NSP6_G107del,NSP3_A890D,Spike_D1118H,NSP6_F108del,NS8_Y73C,N_G204R,NSP3_E983D,M_F28L,Spike_V70del,NSP12_P323L,Spike_D614G,N_D3L,Spike_S982A,N_S235F)	2021-06-30		True	True			0.379433701191	North America	USA	Washington	Whatcom County
USA/WA-UW-2021040601757/2021	betacoronavirus	EPI_ISL_1628085	2021-04-06		29521	Human	unknown	unknown	GRY	Q.3	PANGO-v1.12	VOC Alpha GRY (B.1.1.7+Q.*) first detected in the UK	(Spike_H69del,NS8_Q27stop,NSP3_T183I,Spike_T716I,NSP6_S106del,N_R203K,Spike_A570D,NSP13_K460R,Spike_N501Y,NSP3_I1412T,NS8_R52I,Spike_P681H,NSP3_M768I,Spike_Y144del,Spike_D178H,M_V70L,NSP6_G107del,NSP3_A890D,NSP16_D102N,Spike_D1118H,NSP6_F108del,NS8_Y73C,N_G204R,Spike_V70del,NSP12_P323L,Spike_D614G,N_A211V,N_D3L,Spike_S982A,N_S235F)	2021-04-17		True	True		0.00196470309271	0.379255337203	North America	USA	Washington	?
USA/WA-UW-2021040209906/2021	betacoronavirus	EPI_ISL_1620925	2021-04-02		29521	Human	unknown	unknown	GRY	B.1.1.7	PLEARN-v1.12	VOC Alpha GRY (B.1.1.7+Q.*) first detected in the UK	(Spike_H69del,NSP2_E558Q,NS8_Q27stop,NSP3_T183I,Spike_T716I,NS8_K68stop,NSP6_S106del,N_R203K,Spike_A570D,N_V270L,Spike_N501Y,E_S68F,NSP3_I1412T,NS8_R52I,Spike_P681H,Spike_Y144del,NS8_C61F,NSP12_P227L,NSP6_G107del,NSP3_A890D,Spike_D1118H,NSP6_F108del,NS8_Y73C,NSP3_M1441I,N_G204R,Spike_V70del,NS3_D22G,NSP12_P323L,Spike_D614G,N_D3L,Spike_S982A,NSP3_D622G,N_S235F)	2021-04-16		True	True			0.37935706785	North America	USA	Washington	?
USA/WA-Altius-ALTCOV-CS44VCOVGIGQ5CXA/2021	betacoronavirus	EPI_ISL_2376454	2021-04-19		29824	Human	52	Male	GH	B.1.2	PLEARN-v1.12		(NSP3_A1431V,N_P67S,NSP4_M458I,NSP16_R216C,NS3_Q57H,Spike_L5F,NSP2_T85I,NSP5_L89F,NS8_S24L,NSP14_N129D,NS3_G172V,NSP3_H290Y,N_E378Q,NSP12_P323L,Spike_D614G,E_D72G,N_A376V,N_P199L,Spike_Q677H,NSP3_S1230A)	2021-06-01		True	True			0.379392435622	North America	USA	Washington	?
USA/WA-UW-2021040506449/2021	betacoronavirus	EPI_ISL_1628287	2021-04-05		29540	Human	unknown	unknown	GH	B.1.429	PLEARN-v1.12	VOI Epsilon GH/452R.V1 (B.1.429+B.1.427) first detected in USA/California	(NS8_V100L,N_M234I,NSP5_V35I,N_T205I,NS3_Q57H,NSP6_G277S,NSP2_T85I,NSP9_I65V,NSP13_D260Y,NSP3_T64I,NSP12_P323L,Spike_D614G,Spike_W152C,Spike_L452R,Spike_S13I,NSP14_Q354H)	2021-04-17		True	True			0.379316181449	North America	USA	Washington	?
USA/WA-CDC-LC0059426/2021	betacoronavirus	EPI_ISL_4380303	2021-05-09		29694	Human	34	Female	GR	B.1.1.7	PLEARN-v1.12	VOC Alpha GRY (B.1.1.7+Q.*) first detected in the UK	(Spike_H69del,NS8_Q27stop,NSP3_T183I,NS7b_E3stop,Spike_T716I,NS8_K68stop,NSP6_S106del,N_R203K,NSP5_P241L,Spike_A570D,Spike_N501Y,NSP3_I1412T,NS8_R52I,Spike_P681H,Spike_Y144del,NS8_C61F,NSP12_P227L,NSP6_G107del,NSP3_A890D,Spike_D1118H,NSP6_F108del,NS8_Y73C,NSP3_M1441I,N_G204R,Spike_V70del,NSP12_P323L,Spike_D614G,N_D3L,Spike_S982A,N_S235F)	2021-09-21		True	True			0.379571630632	North America	USA	Washington	?
USA/WA-UW-2021040102449/2021	betacoronavirus	EPI_ISL_1620861	2021-04-01		29521	Human	unknown	unknown	GRY	Q.3	PANGO-v1.12	VOC Alpha GRY (B.1.1.7+Q.*) first detected in the UK	(Spike_H69del,NS8_Q27stop,NSP3_T183I,Spike_T716I,NSP6_S106del,N_R203K,Spike_A570D,NSP13_K460R,Spike_N501Y,NSP3_I1412T,NS8_R52I,Spike_P681H,NSP3_M768I,Spike_Y144del,Spike_D178H,M_V70L,NSP6_G107del,NSP3_A890D,NSP16_D102N,Spike_D1118H,NSP6_F108del,NS8_Y73C,N_G204R,Spike_V70del,NSP12_P323L,Spike_D614G,N_D3L,Spike_S982A,N_S235F)	2021-04-16		True	True			0.37935706785	North America	USA	Washington	?
USA/WA-UW-2021040596154/2021	betacoronavirus	EPI_ISL_1679948	2021-04-05		29540	Human	unknown	unknown	GH	B.1.429	PLEARN-v1.12	VOI Epsilon GH/452R.V1 (B.1.429+B.1.427) first detected in USA/California	(NS8_V100L,N_M234I,N_T205I,NSP2_A419V,NS3_Q57H,NSP2_T85I,NSP9_I65V,NSP13_D260Y,NSP12_P323L,Spike_D614G,Spike_W152C,Spike_L452R,Spike_S13I)	2021-04-22		True	True			0.379383886256	North America	USA	Washington	?
USA/WA-UW-2021041205501/2021	betacoronavirus	EPI_ISL_1670737	2021-04-12		29521	Human	unknown	unknown	GRY	B.1.1.7	PLEARN-v1.12	VOC Alpha GRY (B.1.1.7+Q.*) first detected in the UK	(Spike_H69del,NS8_Q27stop,NSP3_T183I,Spike_T716I,NSP6_S106del,N_R203K,Spike_A570D,NSP16_S291C,NSP13_K460R,Spike_N501Y,NSP3_I1412T,NS8_R52I,Spike_P681H,NSP8_T89I,Spike_Y144del,NSP16_S292R,NSP16_D293S,M_V70L,NSP6_G107del,NSP3_A890D,Spike_D1118H,NSP6_F108del,NS8_Y73C,N_G204R,Spike_V70del,NSP12_P323L,Spike_D614G,N_D3L,Spike_S982A,N_S235F)	2021-04-21		True	True			0.379458690424	North America	USA	Washington	?
USA/WA-UW-2021040680159/2021	betacoronavirus	EPI_ISL_1680262	2021-04-06		29540	Human	unknown	unknown	GH	B.1.429	PLEARN-v1.12	VOI Epsilon GH/452R.V1 (B.1.429+B.1.427) first detected in USA/California	(NSP3_A1766V,N_T205I,NSP6_T181I,NS3_Q57H,NSP2_T85I,NSP9_I65V,NSP13_D260Y,NSP12_P323L,Spike_D614G,Spike_W152C,NSP6_L37F,Spike_L452R,NSP6_K109R,Spike_A344S)	2021-04-22		True		True	0.0908598510494	0.380250223414	North America	USA	Washington	?
USA/WA-UW-2021040882490/2021	betacoronavirus	EPI_ISL_1715578	2021-04-08		29466	Human	unknown	unknown	GRY	Q.3	PLEARN-v1.12	VOC Alpha GRY (B.1.1.7+Q.*) first detected in the UK	(Spike_H69del,NS8_Q27stop,NSP3_T183I,Spike_G35R,Spike_T716I,NSP6_S106del,N_R203K,Spike_A570D,NSP13_K460R,Spike_N501Y,NSP2_A31V,NSP3_I1412T,Spike_I210T,NS8_R52I,Spike_P681H,NSP3_M768I,Spike_Y144del,Spike_D178H,Spike_R34P,M_V70L,NSP6_G107del,NSP3_A890D,NSP16_D102N,Spike_D1118H,NSP6_F108del,NS8_Y73C,N_G204R,Spike_V70del,NSP12_P323L,Spike_D614G,N_D3L,Spike_S982A,N_S235F)	2021-04-25		True		True	0.0833163646236	0.380659731221	North America	USA	Washington	?
USA/WA-UW-2021041330647/2021	betacoronavirus	EPI_ISL_1789470	2021-04-13		29540	Human	unknown	unknown	GH	B.1.429	PLEARN-v1.12	VOI Epsilon GH/452R.V1 (B.1.429+B.1.427) first detected in USA/California	(NSP3_T1056I,NS8_V100L,N_A359S,NS7b_L4F,N_M234I,N_T205I,NS3_Q57H,NSP6_G277S,NSP2_T85I,NSP9_I65V,NSP13_D260Y,NSP12_P323L,Spike_D614G,Spike_K182R,Spike_W152C,Spike_L452R,Spike_S13I,NSP14_Q354H)	2021-04-29		True	True			0.379214624238	North America	USA	Washington	?
USA/WA-S8405/2021	betacoronavirus	EPI_ISL_2692436	2021-05-13		29715	Human	unknown	unknown	GR	B.1.1.519	PLEARN-v1.12		(Spike_H146Y,NSP16_A178V,Spike_T588A,Spike_T732A,N_R203K,NSP2_T44I,NSP6_I49V,Spike_Q52R,NSP13_L581F,NSP2_S196L,NS3_A110S,NSP8_E48D,Spike_T29I,Spike_P681H,NSP14_T16I,NSP4_T492I,Spike_A570V,N_G204R,Spike_T478K,NSP9_T35I,NSP12_P323L,NSP3_P141S,Spike_D614G,NSP3_H101L)	2021-06-26		True	True		0.000235571260306	0.379426417127	North America	USA	Washington	Spokane County
USA/WA-UW-2021041446824/2021	betacoronavirus	EPI_ISL_1825953	2021-04-14		29521	Human	unknown	unknown	GRY	Q.3	PANGO-v1.12	VOC Alpha GRY (B.1.1.7+Q.*) first detected in the UK	(Spike_H69del,NS8_Q27stop,NSP3_T183I,Spike_T716I,NSP6_S106del,N_R203K,Spike_A570D,NSP13_K460R,Spike_N501Y,NSP3_I1412T,Spike_I210T,NS8_R52I,Spike_P681H,NSP3_M768I,Spike_Y144del,Spike_D178H,M_V70L,NSP6_G107del,NSP3_A890D,NSP16_D102N,Spike_D1118H,NSP6_F108del,NS8_Y73C,N_G204R,Spike_V70del,NSP12_P323L,Spike_D614G,N_D3L,Spike_S982A,N_S235F)	2021-05-02		True	True			0.379390942041	North America	USA	Washington	?
USA/WA-UW-21042271709/2021	betacoronavirus	EPI_ISL_2031557	2021-04-22		29540	Human	unknown	unknown	GH	B.1.351	PLEARN-v1.12	VOC Beta GH/501Y.V2 (B.1.351+B.1.351.2+B.1.351.3) first detected in South Africa	(NSP8_L9F,Spike_D215G,E_P71L,NSP3_T183I,NSP3_K837N,Spike_R34P,Spike_G35R,Spike_E484K,N_T205I,NSP3_R649K,NS3_Q57H,NSP3_S1296C,Spike_A701V,NSP2_T85I,Spike_D80A,Spike_N501Y,NSP3_T1384S,NSP12_P323L,NSP5_K90R,Spike_D614G,NSP4_K35R,NS3_S171L)	2021-05-12		True	True		3.38524035206e-05	0.379396729747	North America	USA	Washington	?
USA/WA-UW-2021041515365/2021	betacoronavirus	EPI_ISL_1826028	2021-04-15		29522	Human	unknown	unknown	GRY	B.1.1.7	PLEARN-v1.12	VOC Alpha GRY (B.1.1.7+Q.*) first detected in the UK	(Spike_H69del,NS8_Q27stop,NSP3_T183I,Spike_T716I,NSP6_S106del,N_R203K,Spike_A570D,NSP3_Q180H,Spike_N501Y,NSP3_I1412T,NS8_R52I,Spike_P681H,Spike_Y144del,Spike_S98F,NSP12_D161Y,NSP4_L353F,N_N8D,NSP2_L550F,Spike_D138H,NSP6_G107del,NSP3_A890D,Spike_D1118H,NSP6_F108del,NS8_Y73C,N_G204R,Spike_V70del,NSP12_P323L,Spike_D614G,N_D3L,Spike_S982A,N_S235F)	2021-05-02		True	True			0.379310344828	North America	USA	Washington	?
USA/WA-UW-2021041616750/2021	betacoronavirus	EPI_ISL_1826058	2021-04-16		29521	Human	unknown	unknown	GRY	B.1.1.7	PLEARN-v1.12	VOC Alpha GRY (B.1.1.7+Q.*) first detected in the UK	(Spike_H69del,NS8_Q27stop,NSP3_T183I,Spike_T716I,NS8_K68stop,NSP6_S106del,N_R203K,Spike_A570D,NSP3_V253A,NSP15_L162F,Spike_N501Y,NSP3_I1412T,NS8_R52I,Spike_P681H,Spike_Y144del,NSP3_T1056I,NSP6_G107del,NSP3_A890D,Spike_D1118H,NSP6_F108del,NS8_Y73C,N_G204R,Spike_V70del,NSP3_A465V,NSP12_P323L,Spike_D614G,N_D3L,Spike_S982A,N_S235F)	2021-05-02		True	True			0.37935706785	North America	USA	Washington	?
USA/WA-S6388/2021	betacoronavirus	EPI_ISL_1822892	2021-04-07		29629	Human	unknown	unknown	GRY	B.1.1.7	PLEARN-v1.12	VOC Alpha GRY (B.1.1.7+Q.*) first detected in the UK	(Spike_H69del,NS8_Q27stop,NSP3_T183I,Spike_K1191N,Spike_T716I,NSP6_S106del,N_R203K,Spike_A570D,NSP8_Q24R,NSP13_K460R,Spike_N501Y,NSP3_I1412T,NS8_R52I,Spike_P681H,Spike_Y144del,NSP6_G107del,NSP3_A890D,Spike_D1118H,NSP6_F108del,NS8_Y73C,N_G204R,Spike_V70del,NSP12_P323L,Spike_D614G,N_D3L,NSP16_K160R,Spike_S982A,NS6_L52V,N_S235F)	2021-05-01		True			0.0255830436397	0.380000692737	North America	USA	Washington	Chelan
USA/WA-UW-21041538523/2021	betacoronavirus	EPI_ISL_1849252	2021-04-15		29530	Human	unknown	unknown	GH	B.1.526	PLEARN-v1.12	VOI Iota GH/253G.V1 (B.1.526) first detected in USA/New York	(Spike_T95I,NSP3_V50L,NSP8_T123I,NSP6_S106del,NSP13_A208V,Spike_L5F,NSP2_E109D,Spike_G1251V,N_P13L,NSP4_L438P,Spike_D253G,Spike_S477N,NS3_P42L,NSP6_G107del,N_S202R,NSP6_F108del,NSP13_Q88H,NS3_Q57H,NS8_T11I,NSP2_T85I,NSP12_V257A,Spike_Q957R,NSP12_P323L,Spike_D614G)	2021-05-03		True			0.0192346766001	0.379600856294	North America	USA	Washington	?
USA/WA-CDC-LC0052988/2021	betacoronavirus	EPI_ISL_1931272	2021-04-20		29694	Human	2	Female	GRY	B.1.1.7	PLEARN-v1.12	VOC Alpha GRY (B.1.1.7+Q.*) first detected in the UK	(Spike_H69del,NS8_Q27stop,NSP3_T183I,Spike_T716I,NS8_K68stop,NSP6_S106del,N_R203K,Spike_A570D,Spike_N501Y,NSP3_E95D,NSP3_I1412T,NS8_R52I,Spike_P681H,NSP13_K323R,Spike_Y144del,NSP12_P227L,NSP6_G107del,NSP3_A890D,Spike_D1118H,NSP6_F108del,NS8_Y73C,NSP3_M1441I,N_G204R,Spike_V70del,NSP12_P323L,Spike_D614G,N_D3L,Spike_S982A,N_S235F)	2021-05-06		True	True			0.379740014818	North America	USA	Washington	?
USA/WA-S6745/2021	betacoronavirus	EPI_ISL_1926006	2021-04-16		29856	Human	unknown	unknown	GR	P.1.17	PLEARN-v1.12	VOC Gamma GR/501Y.V3 (P.1+P.1.*) first detected in Brazil/Japan	(Spike_R190S,NSP6_S106del,NSP10_A32V,Spike_H655Y,Spike_E484K,N_R203K,Spike_K417T,Spike_T1027I,Spike_D138Y,Spike_N501Y,NS3_S253P,Spike_L18F,NS3_G254R,N_P80R,Spike_T20N,NSP3_K977Q,NSP6_G107del,NSP6_F108del,NSP3_S370L,N_G204R,NS8_E92K,Spike_P26S,NSP12_P323L,Spike_D614G,Spike_V1176F,NSP13_E341D)	2021-05-06		True		True	0.0752612540193	0.38045564852	North America	USA	Washington	Whatcom County
USA/WA-UW-21041844178/2021	betacoronavirus	EPI_ISL_2002177	2021-04-18		29531	Human	unknown	unknown	GR	P.1	PANGO-v1.12	VOC Gamma GR/501Y.V3 (P.1+P.1.*) first detected in Brazil/Japan	(Spike_R190S,NSP6_S106del,Spike_H655Y,Spike_E484K,N_R203K,Spike_K417T,Spike_T1027I,Spike_D138Y,Spike_N501Y,NS3_S253P,NSP2_P96S,Spike_L18F,N_P80R,Spike_T20N,NSP3_K977Q,NSP6_G107del,NSP6_F108del,NSP3_S370L,N_G204R,NS8_E92K,Spike_P26S,NSP12_P323L,Spike_D614G,Spike_V1176F,NSP6_K4R,NSP13_E341D)	2021-05-11		True	True			0.379262469947	North America	USA	Washington	?
USA/WA-S6952/2021	betacoronavirus	EPI_ISL_2011319	2021-04-12		29846	Human	unknown	unknown	GRY	Q.3	PANGO-v1.12	VOC Alpha GRY (B.1.1.7+Q.*) first detected in the UK	(Spike_H69del,NS8_Q27stop,NSP3_T183I,Spike_T716I,NSP6_S106del,N_R203K,Spike_A570D,NSP13_K460R,Spike_N501Y,NSP3_I1412T,NS8_R52I,Spike_P681H,NSP3_M768I,Spike_Y144del,Spike_D178H,M_V70L,NSP6_G107del,NSP3_A890D,NSP16_D102N,Spike_D1118H,NSP6_F108del,NS8_Y73C,N_G204R,Spike_V70del,NSP12_P323L,Spike_D614G,N_D3L,Spike_S982A,N_S235F)	2021-05-11		True	True		0.0027809421698	0.379632429527	North America	USA	Washington	King County
USA/WA-UW-21042302267/2021	betacoronavirus	EPI_ISL_2037673	2021-04-23		29521	Human	unknown	unknown	GRY	B.1.1.7	PLEARN-v1.12	VOC Alpha GRY (B.1.1.7+Q.*) first detected in the UK	(Spike_H69del,NS8_Q27stop,NSP3_T183I,Spike_K1191N,Spike_T716I,NSP6_S106del,N_R203K,Spike_A570D,NSP8_Q24R,NSP13_K460R,Spike_N501Y,NSP3_I1412T,M_A104V,NS8_R52I,Spike_P681H,Spike_Y144del,NSP6_G107del,NSP3_A890D,Spike_D1118H,NSP6_F108del,NS8_Y73C,N_G204R,Spike_V70del,NSP12_P323L,Spike_D614G,N_D3L,NSP16_K160R,Spike_S982A,NS6_L52V,N_S235F)	2021-05-12		True	True			0.379458690424	North America	USA	Washington	?
USA/WA-UW-21042248462/2021	betacoronavirus	EPI_ISL_2031393	2021-04-22		29521	Human	unknown	unknown	GRY	Q.3	PANGO-v1.12	VOC Alpha GRY (B.1.1.7+Q.*) first detected in the UK	(Spike_H69del,NS8_Q27stop,NSP3_T183I,Spike_T716I,NSP6_S106del,N_R203K,Spike_A570D,NSP13_K460R,Spike_N501Y,NSP3_I1412T,NS8_R52I,Spike_P681H,NSP3_M768I,Spike_Y144del,Spike_D178H,NSP3_I1541T,M_V70L,NSP6_G107del,NSP3_A890D,NSP16_D102N,Spike_D1118H,NSP6_F108del,NS8_Y73C,N_G204R,Spike_V70del,NSP12_P323L,Spike_D614G,N_D3L,Spike_S982A,N_S235F)	2021-05-12		True	True			0.379424816233	North America	USA	Washington	?
USA/WA-UW-21042208224/2021	betacoronavirus	EPI_ISL_2031295	2021-04-22		29521	Human	unknown	unknown	GR	B.1.1.7	PLEARN-v1.12	VOC Alpha GRY (B.1.1.7+Q.*) first detected in the UK	(Spike_H69del,NS8_Q27stop,NSP3_T183I,Spike_T716I,NSP6_S106del,N_R203K,NSP2_T223I,Spike_A570D,NSP3_I1412T,NS8_R52I,Spike_P681H,Spike_Y144del,NSP3_E405A,NSP6_G107del,NSP3_A890D,Spike_D1118H,NSP6_F108del,NS8_Y73C,N_G204R,NSP6_L260F,Spike_V70del,NSP12_P323L,NSP2_W466R,Spike_D614G,N_D3L,NSP4_K35R,Spike_S982A,Spike_A522V,N_S235F)	2021-05-12		True			0.0219843501236	0.379017733444	North America	USA	Washington	?
USA/WA-CDC-LC0056331/2021	betacoronavirus	EPI_ISL_2046690	2021-05-01		29694	Human	40	Female	GR	B.1.1.7	PLEARN-v1.12	VOC Alpha GRY (B.1.1.7+Q.*) first detected in the UK	(Spike_H69del,NS8_Q27stop,NSP3_T183I,Spike_T716I,NSP6_S106del,N_R203K,NSP5_L75F,NSP4_T109M,NSP3_I1412T,NS8_R52I,Spike_P681H,Spike_Y144del,NSP6_G107del,NSP3_A890D,Spike_D1118H,NSP6_F108del,NS8_Y73C,N_G204R,Spike_V70del,NSP12_P323L,NSP13_T413I,N_D3L,Spike_S982A,N_S235F)	2021-05-12		True			0.0321277025662	0.379888656924	North America	USA	Washington	?
USA/WA-CDC-UW21042816673/2021	betacoronavirus	EPI_ISL_2105980	2021-04-28		29521	Human	unknown	unknown	GRY	B.1.1.7	PLEARN-v1.12	VOC Alpha GRY (B.1.1.7+Q.*) first detected in the UK	(Spike_H69del,NS8_Q27stop,NSP3_T183I,NSP3_V473F,Spike_T716I,NSP6_S106del,N_R203K,Spike_A570D,NSP9_A22T,NSP3_V1420I,Spike_N501Y,NSP3_I1412T,NS8_R52I,Spike_P681H,Spike_Y144del,NS3_G188C,NSP2_I491V,Spike_S221L,NSP6_G107del,NSP3_A890D,M_D3A,Spike_D1118H,NSP6_F108del,NS8_Y73C,N_G204R,Spike_V70del,NSP3_A465V,NSP12_P323L,Spike_D614G,NSP3_S1419I,N_D3L,Spike_S982A,N_S235F)	2021-05-10		True	True			0.379221571085	North America	USA	Washington	?
USA/WA-CDC-UW21050308810/2021	betacoronavirus	EPI_ISL_2105095	2021-05-03		29521	Human	unknown	unknown	GRY	B.1.1.7	PLEARN-v1.12	VOC Alpha GRY (B.1.1.7+Q.*) first detected in the UK	(NS8_Q27stop,NSP10_T12I,NSP3_T183I,NSP16_K170stop,Spike_T716I,NSP6_S106del,N_R203K,Spike_A570D,NSP6_T181I,NSP3_G307C,Spike_N501Y,NSP3_I1412T,NS8_R52I,Spike_H69F,Spike_P681H,Spike_Y144del,Spike_S71del,NSP6_G107del,NSP3_A890D,N_G97S,Spike_D1118H,NSP6_F108del,NS8_Y73C,N_G204R,Spike_V70del,Spike_A845S,NS3_W149R,NSP12_P323L,NSP3_P141S,Spike_D614G,NSP2_S430L,N_D3L,Spike_S982A,N_S235F)	2021-05-16		True			0.0120592120863	0.379461683525	North America	USA	Washington	?
USA/WA-S7296/2021	betacoronavirus	EPI_ISL_2136563	2021-04-19		29629	Human	unknown	unknown	GRY	B.1.1.7	PLEARN-v1.12	VOC Alpha GRY (B.1.1.7+Q.*) first detected in the UK	(Spike_H69del,NS8_Q27stop,NSP3_T183I,NS3_A99T,Spike_T716I,NSP6_S106del,N_R203K,Spike_A570D,NSP13_K460R,Spike_N501Y,NSP3_I1412T,NS8_R52I,Spike_P681H,NSP14_E347G,Spike_Y144del,NS3_V90F,NSP6_G107del,NSP3_A890D,Spike_D1118H,NSP6_F108del,NS8_Y73C,N_G204R,Spike_V70del,NSP12_P323L,Spike_D614G,N_D3L,Spike_S982A,N_S235F)	2021-05-18		True			0.0254142900537	0.379553954841	North America	USA	Washington	Snohomish County
USA/WA-CDC-UW21050337059/2021	betacoronavirus	EPI_ISL_2162011	2021-05-03		29531	Human	unknown	unknown	GR	P.1.17	PLEARN-v1.12	VOC Gamma GR/501Y.V3 (P.1+P.1.*) first detected in Brazil/Japan	(NSP6_S106del,NSP10_A32V,Spike_H655Y,Spike_E484K,N_R203K,Spike_K417T,Spike_T1027I,Spike_D138Y,Spike_N501Y,NS3_S253P,Spike_L18F,N_P80R,Spike_T20N,NSP3_K977Q,NSP6_G107del,NSP6_F108del,NSP3_S370L,N_G204R,NS8_E92K,Spike_P26S,NSP12_P323L,Spike_D614G,Spike_V1176F,NSP3_S1314G,NSP13_E341D)	2021-05-19		True			0.0164572821781	0.37948011706	North America	USA	Washington	?
USA/WA-UW-21042119120/2021	betacoronavirus	EPI_ISL_2031313	2021-04-21		29540	Human	unknown	unknown	GR	B.1.1	PLEARN-v1.12		(NSP5_V204A,Spike_G35R,NSP10_A32V,Spike_H655Y,Spike_E484K,N_R203K,Spike_D138Y,Spike_N501Y,NSP3_T1384S,NSP8_I107V,NSP4_R443T,NSP3_L641F,NSP5_S10A,NSP8_N109S,NS3_S253P,NSP4_L436I,NSP5_F8L,N_P80R,NSP8_N108I,NSP3_N1636S,Spike_R34P,NSP4_L447R,NSP12_M601K,NSP9_L106V,NSP4_Y444S,NSP4_A446V,N_G204R,NSP4_Y441K,N_D3E,NSP9_A107T,NSP4_Y448stop,NSP12_P323L,Spike_D614G,NSP4_N442E,NSP4_K35R)	2021-05-12		True			0.00565335138795	0.379566268342	North America	USA	Washington	?
USA/WA-UW-21042859183/2021	betacoronavirus	EPI_ISL_2233166	2021-04-28		29521	Human	unknown	unknown	GRY	B.1.1.7	PLEARN-v1.12	VOC Alpha GRY (B.1.1.7+Q.*) first detected in the UK	(Spike_S94F,Spike_H69del,NS8_Q27stop,NSP3_T183I,Spike_T716I,NSP6_S106del,N_R203K,Spike_A570D,Spike_N501Y,NSP3_I1412T,NS8_R52I,Spike_P681H,NSP2_S138L,Spike_Y144del,NSP9_P83L,NSP3_R1518K,NSP6_G107del,NSP3_A890D,Spike_D1118H,NSP6_F108del,NS8_Y73C,N_G204R,NSP3_T864I,Spike_V70del,NSP12_P323L,Spike_D614G,NSP2_V126F,N_D3L,Spike_S982A,N_S235F)	2021-05-23		True			0.0103655025236	0.379599520794	North America	USA	Washington	?
USA/WA-S8395/2021	betacoronavirus	EPI_ISL_2692426	2021-05-11		29819	Human	unknown	unknown	GH	B.1.637	PLEARN-v1.12		(NSP4_K399E,NS3_P104F,NSP6_S106del,Spike_D80G,Spike_T859N,Spike_F157S,NSP14_S255I,Spike_Y144del,NSP4_L438P,Spike_D950H,N_M234I,NS3_P42L,NSP6_G107del,NS8_A51S,N_T205I,NSP6_F108del,NS3_Q57H,NSP4_A446V,NS8_T11I,NSP2_T85I,NSP6_V278I,NSP3_H727Y,NSP12_P323L,N_Q9H,Spike_D614G,Spike_L452R,NSP3_A861S,NS3_A39T)	2021-06-26		True	True			0.379724336832	North America	USA	Washington	Spokane County
USA/WA-UW-21041738537/2021	betacoronavirus	EPI_ISL_2002278	2021-04-17		29540	Human	unknown	unknown	GR	B.1.1.519	PLEARN-v1.12		(NSP6_A51V,Spike_T604A,Spike_A292S,Spike_T732A,N_R203K,NSP6_I49V,NSP2_R46K,N_G204R,Spike_T478K,NSP9_T35I,NS3_T269M,NSP12_P323L,NSP3_P141S,Spike_P681H,Spike_D614G,NSP6_L37F,NSP4_T492I)	2021-05-11		True	True			0.379316181449	North America	USA	Washington	?
USA/WA-UW-21043063522/2021	betacoronavirus	EPI_ISL_2618254	2021-04-30		29521	Human	unknown	unknown	GRY	Q.3	PANGO-v1.12	VOC Alpha GRY (B.1.1.7+Q.*) first detected in the UK	(Spike_H69del,NS8_Q27stop,NSP3_T183I,Spike_T716I,NSP6_S106del,N_R203K,Spike_A570D,NSP13_K460R,Spike_N501Y,NSP3_I1412T,NS8_R52I,Spike_P681H,NSP3_M768I,Spike_Y144del,Spike_D178H,NSP3_I1541T,M_V70L,NSP6_G107del,NSP3_A890D,NSP16_D102N,Spike_D1118H,NSP6_F108del,NS8_Y73C,N_G204R,Spike_V70del,NSP12_P323L,Spike_D614G,N_D3L,Spike_S982A,NSP4_K35R,N_S235F)	2021-06-20		True	True		0.00064360963382	0.379364110908	North America	USA	Washington	?
USA/WA-CDC-FG-034343/2021	betacoronavirus	EPI_ISL_2269594	2021-05-08		29794	Human	6	Female	GRY	B.1.1.7	PLEARN-v1.12	VOC Alpha GRY (B.1.1.7+Q.*) first detected in the UK	(Spike_H69del,NS8_Q27stop,NS3_A23V,NSP3_T183I,Spike_T716I,NSP6_S106del,N_R203K,Spike_A570D,Spike_N501Y,NSP3_I1412T,NS8_R52I,Spike_P681H,NSP16_P236S,NSP3_S769L,Spike_Y144del,NSP6_G107del,NSP3_A890D,Spike_D1118H,NSP6_F108del,NS8_Y73C,N_G204R,Spike_V70del,NSP12_P323L,Spike_D614G,N_D3L,Spike_S982A,N_S235F)	2021-05-25		True			0.0166476471773	0.379309167861	North America	USA	Washington	?
USA/WA-UW-2021040912837/2021	betacoronavirus	EPI_ISL_1785689	2021-04-09		29540	Human	unknown	unknown	GH	B.1.429	PLEARN-v1.12	VOI Epsilon GH/452R.V1 (B.1.429+B.1.427) first detected in USA/California	(NS3_V90F,NSP3_V481L,N_T205I,Spike_V213M,NS3_Q57H,NSP2_T85I,NSP9_I65V,NSP13_G206C,NSP5_T196M,NSP13_D260Y,NSP12_P323L,Spike_D614G,Spike_W152C,Spike_L452R,Spike_S13I)	2021-04-29		True	True			0.379146919431	North America	USA	Washington	?
USA/WA-Altius-ALTCOV-PJMV2RYW24RMENFW/2021	betacoronavirus	EPI_ISL_2473551	2021-05-17		29816	Human	20	Male	GK	AY.117	PANGO-v1.12	VOC Delta GK (B.1.617.2+AY.*) first detected in India	(N_G215C,Spike_T95I,N_D63G,N_R203M,NSP12_G671S,NS3_S26L,Spike_P681R,Spike_R158del,NSP3_P1228L,NSP2_K489N,NS7a_V82A,NSP3_A488S,Spike_F157del,NSP4_T492I,NSP14_A394V,Spike_T19R,NS7a_T120I,N_D377Y,M_I82T,Spike_D950N,NS7b_T40I,NSP13_P77L,Spike_E156G,NSP3_P1469S,Spike_T478K,NSP2_W466L,NSP6_T77A,NSP12_P323L,Spike_D614G,NSP4_V167L,Spike_L452R,NSP12_R249M)	2021-06-10		True	True			0.379494231285	North America	USA	Washington	?
USA/WA-UW-2021041340376/2021	betacoronavirus	EPI_ISL_1785620	2021-04-13		29540	Human	unknown	unknown	GH	B.1.429	PLEARN-v1.12	VOI Epsilon GH/452R.V1 (B.1.429+B.1.427) first detected in USA/California	(NSP2_V244I,N_T205I,Spike_P1162L,NS3_Q57H,NSP2_T85I,NSP9_I65V,NSP5_T196M,NSP13_D260Y,NSP12_P323L,Spike_D614G,Spike_W152C,Spike_L452R,Spike_S13I)	2021-04-29		True	True			0.379282329045	North America	USA	Washington	?
USA/WA-UW-21042989210/2021	betacoronavirus	EPI_ISL_2618369	2021-04-29		29540	Human	unknown	unknown	G	B.1.429	PLEARN-v1.12	VOI Epsilon GH/452R.V1 (B.1.429+B.1.427) first detected in USA/California	(N_R203K,NS3_Q57H,N_G204R,NSP2_T85I,NSP9_I65V,NSP13_D260Y,NSP3_P236L,NSP12_P323L,NSP13_T413I,Spike_D614G,Spike_W152C,NSP2_V447F,Spike_L452R,Spike_S13I,NSP13_G54S)	2021-06-20		True	True			0.379214624238	North America	USA	Washington	?
USA/WA-CDC-UW21051173230/2021	betacoronavirus	EPI_ISL_2273786	2021-05-11		29521	Human	unknown	unknown	GRY	Q.3	PANGO-v1.12	VOC Alpha GRY (B.1.1.7+Q.*) first detected in the UK	(Spike_H69del,NS8_Q27stop,NSP3_T183I,Spike_T716I,NSP6_S106del,N_R203K,Spike_A570D,NSP13_K460R,Spike_N501Y,NSP3_I1412T,NS8_R52I,Spike_P681H,NSP3_M768I,Spike_Y144del,Spike_D178H,M_V70L,NSP6_G107del,NSP3_A890D,NSP16_D102N,Spike_D1118H,NSP6_F108del,NS8_Y73C,N_G204R,Spike_V70del,NSP12_P323L,Spike_D614G,N_D3L,Spike_S982A,N_S235F)	2021-05-25		True	True			0.37935706785	North America	USA	Washington	?
USA/WA-UW-2021041371208/2021	betacoronavirus	EPI_ISL_1825945	2021-04-13		29521	Human	unknown	unknown	GRY	B.1.1.7	PLEARN-v1.12	VOC Alpha GRY (B.1.1.7+Q.*) first detected in the UK	(Spike_H69del,NS8_Q27stop,NSP3_T183I,NSP2_D409A,Spike_T716I,NSP6_S106del,N_R203K,Spike_A570D,Spike_N501Y,NSP3_I1412T,NS8_R52I,Spike_P681H,Spike_Y144del,Spike_S1252F,NSP6_G107del,NSP3_A890D,NSP6_V194L,Spike_D1118H,NSP6_F108del,NS8_Y73C,N_G204R,Spike_V70del,NSP12_P323L,Spike_D614G,NS8_D75G,N_D3L,Spike_S982A,N_S235F)	2021-05-02		True	True			0.379390942041	North America	USA	Washington	?
USA/WA-PHL-000933/2021	betacoronavirus	EPI_ISL_2651050	2021-05-30		29782	Human	unknown	unknown	GH	B.1.637	PLEARN-v1.12		(NSP4_K399E,NS3_P104F,NSP6_S106del,Spike_D80G,Spike_T859N,Spike_F157S,Spike_P681H,NSP16_P236S,NSP14_S255I,Spike_Y144del,NSP4_L438P,Spike_D950H,N_M234I,NS3_P42L,NSP6_G107del,NS8_A51S,N_T205I,NSP6_F108del,NS3_Q57H,NSP4_A446V,NS8_T11I,NSP2_T85I,NSP6_V278I,NSP3_H727Y,NSP12_P323L,Spike_D614G,Spike_L452R,NSP3_A861S,NS3_A39T)	2021-06-23		True	True			0.37969243167	North America	USA	Washington	Spokane County
USA/WA-UW-21041543470/2021	betacoronavirus	EPI_ISL_1849202	2021-04-15		29540	Human	unknown	unknown	GH	B.1.429	PLEARN-v1.12	VOI Epsilon GH/452R.V1 (B.1.429+B.1.427) first detected in USA/California	(NS8_V100L,N_M234I,N_T205I,NS3_Q57H,NSP6_G277S,NSP2_T85I,NSP9_I65V,NSP13_D260Y,NSP3_T64I,NSP12_P323L,Spike_D614G,Spike_W152C,Spike_L452R,Spike_S13I,NSP14_Q354H)	2021-05-03		True	True		0.00470548408937	0.379714975681	North America	USA	Washington	?
USA/WA-CDC-UW21051273272/2021	betacoronavirus	EPI_ISL_2333059	2021-05-12		29527	Human	unknown	unknown	GR	P.3	PLEARN-v1.12	VOI Theta GR/1092K.V1 (P.3) first detected in the Philippines	(NSP4_D217N,NSP1_M85del,Spike_H1101Y,Spike_G142del,NSP3_Y952C,NSP3_S1807F,Spike_E1092K,Spike_E484K,N_R203K,NSP16_S291C,NSP6_D112E,Spike_N501Y,NSP7_L71F,Spike_P681H,NSP3_D736G,NSP16_S292R,NSP4_L438P,NSP16_D293S,NSP3_S126L,NSP13_A368V,N_G204R,NS3_T151I,Spike_V143del,NS8_K2Q,NSP12_P323L,Spike_D614G,Spike_V1176F,Spike_L141del)	2021-05-29		True			0.032885155959	0.37918475977	North America	USA	Washington	?
USA/WA-CDC-UW21051791327/2021	betacoronavirus	EPI_ISL_2332835	2021-05-17		29531	Human	unknown	unknown	GR	P.1.17	PLEARN-v1.12	VOC Gamma GR/501Y.V3 (P.1+P.1.*) first detected in Brazil/Japan	(Spike_R190S,NSP6_S106del,NSP10_A32V,Spike_H655Y,Spike_E484K,N_R203K,Spike_K417T,Spike_T1027I,NSP13_N459S,Spike_D138Y,Spike_N501Y,NS3_S253P,Spike_L18F,N_P80R,Spike_T20N,NSP3_K977Q,NSP6_G107del,NSP6_F108del,NSP3_S370L,N_G204R,NS8_E92K,Spike_P26S,NSP12_P323L,Spike_D614G,Spike_V1176F,NSP13_E341D)	2021-05-29		True	True			0.379228607226	North America	USA	Washington	?
USA/WA-UW-21051001746/2021	betacoronavirus	EPI_ISL_2340728	2021-05-10		29521	Human	unknown	unknown	GRY	Q.3	PANGO-v1.12	VOC Alpha GRY (B.1.1.7+Q.*) first detected in the UK	(Spike_H69del,NS8_Q27stop,NSP3_T183I,Spike_T716I,NSP6_S106del,N_R203K,Spike_A570D,NSP13_K460R,NS3_A110S,Spike_N501Y,NSP3_I1412T,NS8_R52I,Spike_P681H,NSP3_M768I,Spike_Y144del,Spike_D178H,M_V70L,NSP6_G107del,NSP3_A890D,NSP16_D102N,Spike_D1118H,NSP6_F108del,NS8_Y73C,N_G204R,Spike_V70del,NSP12_P323L,NSP5_K90R,Spike_D614G,N_D3L,Spike_S982A,N_S235F)	2021-05-30		True	True			0.37935706785	North America	USA	Washington	?
USA/WA-PHL-000723/2021	betacoronavirus	EPI_ISL_2336185	2021-04-26		29866	Human	unknown	unknown	G	B.1.429	PLEARN-v1.12	VOI Epsilon GH/452R.V1 (B.1.429+B.1.427) first detected in USA/California	(NSP5_V204A,N_T205I,NSP2_T85I,NSP9_I65V,NSP12_P323L,NSP13_T413I,Spike_D614G,Spike_W152C,NSP2_V447F,Spike_L452R,Spike_S13I,NSP13_G54S)	2021-05-29		True	True		0.00880835956862	0.379151883764	North America	USA	Washington	King County
USA/WA-CDC-UW21050396131/2021	betacoronavirus	EPI_ISL_2104895	2021-05-03		29540	Human	unknown	unknown	GR	B.1.1.519	PLEARN-v1.12		(NSP6_A51V,Spike_T604A,Spike_A292S,Spike_T732A,NSP16_K170stop,N_R203K,NSP2_P129L,NSP6_I49V,NSP2_R46K,NS3_V13L,N_G204R,NSP16_I169L,Spike_T478K,NSP3_T1384S,NSP9_T35I,NSP12_P323L,NSP3_P141S,Spike_P681H,Spike_D614G,NSP6_L37F,Spike_S982A,NSP4_T492I)	2021-05-16		True			0.0321259309411	0.379804833689	North America	USA	Washington	?
USA/WA-Altius-ALTCOV-RPVIBWSAZAO25USB/2021	betacoronavirus	EPI_ISL_2800697	2021-04-13		29831	Human	42	Female	G	B.1.232	PLEARN-v1.12		(NSP6_A41V,NSP2_T170I,NSP3_P1044S,NSP3_T183I,NSP3_T1189I,N_N213Y,N_T362I,N_S194L,NSP3_C1029R,NS3_T89I,N_D401Y,NS8_V32L,NS3_A110S,NSP12_P323L,Spike_D614G,Spike_L452R)	2021-07-03		True	True			0.379705675304	North America	USA	Washington	?
USA/WA-Altius-ALTCOV-TFGCROM6Q5STPHUF/2021	betacoronavirus	EPI_ISL_2383219	2021-04-12		29809	Human	43	Female	GRY	B.1.1.7	PLEARN-v1.12	VOC Alpha GRY (B.1.1.7+Q.*) first detected in the UK	(Spike_H69del,NS8_Q27stop,NSP3_T183I,Spike_T716I,NSP6_S106del,N_R203K,NSP3_K1693R,Spike_A570D,Spike_N501Y,NSP3_E95D,NSP3_I1412T,NS8_R52I,Spike_P681H,Spike_Y144del,NSP12_P227L,NSP6_G107del,NSP3_A890D,Spike_D1118H,NSP6_F108del,NSP3_M1441I,NS8_S69H,N_G204R,Spike_V70del,NS8_K68Y,NSP12_P323L,Spike_D614G,N_D3L,Spike_S982A,N_S235F)	2021-06-02		True				0.379683988057	North America	USA	Washington	?
USA/WA-CDC-UW21051719721/2021	betacoronavirus	EPI_ISL_2426393	2021-05-17		29521	Human	unknown	unknown	GRY	B.1.1.7	PLEARN-v1.12	VOC Alpha GRY (B.1.1.7+Q.*) first detected in the UK	(Spike_H69del,NS8_Q27stop,NSP3_T183I,NS7b_E3stop,Spike_T716I,NS8_K68stop,NSP6_S106del,N_R203K,NSP5_P241L,Spike_A570D,Spike_N501Y,NSP3_I1412T,NS8_R52I,Spike_P681H,Spike_Y144del,NS8_C61F,NSP12_P227L,NSP6_G107del,NSP3_A890D,Spike_D1118H,NSP6_F108del,NS8_Y73C,NSP3_M1441I,N_G204R,Spike_V70del,NSP12_P323L,Spike_D614G,N_D3L,Spike_S982A,N_S235F)	2021-06-05		True	True			0.379153822702	North America	USA	Washington	?
USA/WA-CDC-UW21052043720/2021	betacoronavirus	EPI_ISL_2432762	2021-05-20		29521	Human	unknown	unknown	GRY	Q.3	PANGO-v1.12	VOC Alpha GRY (B.1.1.7+Q.*) first detected in the UK	(Spike_H69del,NS8_Q27stop,NSP3_T183I,N_A218T,NSP16_K170stop,Spike_T716I,NSP6_S106del,N_R203K,Spike_A570D,NSP13_K460R,Spike_N501Y,NSP3_I1412T,NS8_R52I,Spike_P681H,NSP3_M768I,Spike_Y144del,Spike_D178H,M_D209Y,M_V70L,NSP6_G107del,NSP3_A890D,NSP16_D102N,Spike_D1118H,NSP6_F108del,NS8_Y73C,N_G204R,Spike_V70del,NSP12_P323L,Spike_D614G,N_D3L,Spike_S982A,N_S235F)	2021-06-06		True			0.0120592120863	0.379598834219	North America	USA	Washington	?
